Date;Location;MinTemp;MaxTemp;Rainfall;WindGustDir;WindGustSpeed;WindDir9am;WindDir3pm;WindSpeed9am;WindSpeed3pm;Humidity9am;Humidity3pm;Pressure9am;Pressure3pm;Temp9am;Temp3pm;RainToday;RainTomorrow
01/01/2009;Adelaide;13.4;22.9;0.6;W;44;W;WNW;20;24;71;22;1007.7;1007.1;16.9;21.8;No;No
01/01/2009;Brisbane;7.4;25.1;0;WNW;44;NNW;WSW;4;22;44;25;1010.6;1007.8;17.2;24.3;No;No
01/01/2009;Canberra;12.9;25.7;0;WSW;46;W;WSW;19;26;38;30;1007.6;1008.7;21;23.2;No;No
01/01/2009;Sydney;9.2;28;0;NE;24;SE;E;11;9;45;16;1017.6;1012.8;18.1;26.5;No;No
01/01/2009;Melbourne;17.5;32.3;1;W;41;ENE;NW;7;20;82;33;1010.8;1006;17.8;29.7;No;No
02/01/2009;Adelaide;14.6;29.7;0.2;WNW;56;W;W;19;24;55;23;1009.2;1005.4;20.6;28.9;No;No
02/01/2009;Brisbane;14.3;25;0;W;50;SW;W;20;24;49;19;1009.6;1008.2;18.1;24.6;No;No
02/01/2009;Canberra;7.7;26.7;0;W;35;SSE;W;6;17;48;19;1013.4;1010.1;16.3;25.5;No;No
02/01/2009;Sydney;9.7;31.9;0;NNW;80;SE;NW;7;28;42;9;1008.9;1003.6;18.3;30.2;No;Yes
02/01/2009;Melbourne;13.1;30.1;1.4;W;28;S;SSE;15;11;58;27;1007;1005.7;20.1;28.2;Yes;No
03/01/2009;Adelaide;13.4;30.4;0;N;30;SSE;ESE;17;6;48;22;1011.8;1008.7;20.4;28.8;No;Yes
03/01/2009;Brisbane;15.9;21.7;2.2;NNE;31;NE;ENE;15;13;89;91;1010.5;1004.2;15.9;17;Yes;Yes
03/01/2009;Canberra;15.9;18.6;15.6;W;61;NNW;NNW;28;28;76;93;994.3;993;17.4;15.8;Yes;Yes
03/01/2009;Sydney;12.6;21;3.6;SW;44;W;SSW;24;20;65;43;1001.2;1001.8;15.8;19.8;Yes;No
03/01/2009;Melbourne;8.4;24.6;0;;;S;WNW;4;30;57;32;1009.7;1008.7;15.9;23.5;No;No
04/01/2009;Adelaide;9.8;27.7;;WNW;50;;WNW;;22;50;28;1013.4;1010.3;17.3;26.2;;No
04/01/2009;Brisbane;14.1;20.9;0;ENE;22;SSW;E;11;9;69;82;1012.2;1010.4;17.2;18.1;No;Yes
04/01/2009;Canberra;13.5;22.9;16.8;W;63;N;WNW;6;20;80;65;1005.8;1002.2;18;21.5;Yes;Yes
04/01/2009;Sydney;11.2;22.5;10.6;SSE;43;WSW;SW;24;17;47;32;1009.4;1009.7;15.5;21;Yes;No
04/01/2009;Melbourne;9.8;25.6;0;SSE;26;SE;NNW;17;6;45;26;1019.2;1017.1;15.8;23.2;No;No
05/01/2009;Adelaide;11.5;29.3;0;S;24;SE;SE;9;9;56;28;1019.3;1014.8;19.1;27.3;No;No
05/01/2009;Brisbane;17.1;33;0;NE;43;NE;N;17;22;38;28;1013.6;1008.1;24.5;31.6;No;No
05/01/2009;Canberra;20.5;31.8;0;WNW;41;W;W;19;20;54;24;1007.8;1005.7;23.8;30.8;No;No
05/01/2009;Sydney;15.3;30.9;0;N;33;ESE;NW;6;13;55;23;1011;1008.2;20.9;29;No;No
05/01/2009;Melbourne;12.6;32.4;0;W;43;E;W;4;19;49;17;1012.9;1010.1;21.5;31.2;No;No
06/01/2009;Adelaide;16.2;33.9;0;WSW;35;SE;WSW;9;13;45;19;1010.9;1007.6;23.2;33;No;No
06/01/2009;Brisbane;16.9;33;0;WSW;57;;W;0;26;41;28;1006.8;1003.6;26.6;31.2;No;No
06/01/2009;Canberra;20.1;32.7;0;WNW;48;N;WNW;13;30;56;15;1005.2;1001.7;24.6;32.1;No;No
06/01/2009;Sydney;19.7;27.2;0;WNW;46;NW;WSW;19;30;49;22;1004.8;1004.2;21.6;26.1;No;Yes
06/01/2009;Melbourne;12.5;24.2;1.2;WNW;50;WSW;SW;11;22;78;70;1005.6;1003.4;12.5;18.2;Yes;No
07/01/2009;Adelaide;12;24.4;0.8;W;39;WNW;WNW;17;17;48;28;1006.1;1005.1;16.9;22.7;No;No
07/01/2009;Brisbane;11.3;26.5;0;WNW;56;W;WNW;19;31;46;26;1004.5;1003.2;19.7;25.7;No;No
07/01/2009;Canberra;9.6;23.9;0;W;41;WSW;SSW;19;11;44;22;1014.4;1013.1;14.9;22.1;No;No
07/01/2009;Sydney;10.5;28.8;0;SSE;26;SSE;E;11;7;43;22;1018.7;1014.8;17.1;26.5;No;No
07/01/2009;Melbourne;12.3;34.6;0;WNW;37;SSE;NW;6;17;41;12;1015.1;1010.3;20.7;33.9;No;No
08/01/2009;Adelaide;12.9;35.8;0;WNW;41;ENE;NW;6;26;41;9;1012.6;1009.2;22.4;34.4;No;No
08/01/2009;Brisbane;13.7;37.9;0;W;52;SE;WNW;4;26;33;8;1010.9;1006.7;23.1;36.8;No;No
08/01/2009;Canberra;16.1;38.9;0;W;57;E;W;6;30;34;12;1007;1002.7;25.2;38.4;No;No
08/01/2009;Sydney;14;28.3;0;W;48;W;WSW;17;24;43;15;1011.9;1010.9;17.9;27.6;No;No
08/01/2009;Melbourne;12.5;28.4;0;NE;37;SSE;S;20;9;38;16;1017.8;1013.7;17.2;26.6;No;No
09/01/2009;Adelaide;17;30.8;0;NE;37;NNE;E;15;11;36;24;1013.4;1008.1;20.2;29.3;No;No
09/01/2009;Brisbane;16.9;32;0;S;31;SSE;N;13;17;52;31;1009.9;1006.8;22.8;30;No;No
09/01/2009;Canberra;17.3;34.7;0;SW;35;SE;WSW;7;15;48;16;1014.1;1012.1;24.2;33.2;No;No
09/01/2009;Sydney;17.2;37.7;0;NNW;35;SE;NW;7;17;51;19;1015.7;1010.9;24.3;35.7;No;No
09/01/2009;Melbourne;17.4;43;0;NW;39;SSE;SSW;7;17;40;8;1011.6;1006.9;25.6;41.5;No;No
10/01/2009;Adelaide;19.8;32.7;0;WNW;44;W;W;20;28;34;28;1008.4;1009.2;27.6;27.1;No;No
10/01/2009;Brisbane;14.9;26.7;0;SW;56;WSW;SW;20;31;46;20;1014.1;1012.7;18;25.5;No;No
10/01/2009;Canberra;10.5;28.4;0;SE;33;SE;SW;19;11;35;16;1019.7;1017.4;16;25.8;No;No
10/01/2009;Sydney;11.3;32.2;0;WNW;28;ENE;SSW;17;15;34;17;1019.7;1016.2;20.9;30.5;No;No
10/01/2009;Melbourne;13.9;36.6;0;WNW;39;SSE;NNE;2;15;39;10;1015.8;1010.6;22;34.4;No;No
11/01/2009;Adelaide;18.6;39.9;0;NNW;61;SSE;WNW;9;20;36;21;1010.1;1004.8;26.8;37.7;No;No
11/01/2009;Brisbane;19.3;38.1;0.8;NNW;61;NE;WSW;15;17;48;17;1009.6;1005.9;27.3;36.1;No;No
11/01/2009;Canberra;24.4;34;0.6;NW;98;N;NNW;26;48;60;39;1005.3;997.8;26.1;33.1;No;Yes
11/01/2009;Sydney;18.8;35.2;6.4;WNW;52;S;NW;6;28;43;28;1007.9;1003.9;22.8;33;Yes;No
11/01/2009;Melbourne;20.8;30.6;0;W;54;W;W;30;28;41;21;1005.4;1007.6;23.3;29.7;No;No
12/01/2009;Adelaide;14;34.3;0;WSW;24;ESE;SSE;7;13;44;10;1016.5;1014.6;21.2;32.1;No;No
12/01/2009;Brisbane;15.7;38.4;0;S;33;SSE;WSW;7;7;48;12;1017.7;1014.6;23.4;36.5;No;No
12/01/2009;Canberra;18.5;38.2;0;NNE;31;SE;NNW;9;17;48;25;1017.8;1014.1;25.8;36.2;No;No
12/01/2009;Sydney;20.4;40.7;0;N;37;E;NNE;7;13;45;15;1014.9;1011.6;28.2;39.2;No;No
12/01/2009;Melbourne;21.8;41.5;0;SW;24;ESE;S;6;11;38;13;1015.7;1011.8;29;40.1;No;No
12/01/2009;Adelaide;22.3;42.9;0;NNE;28;ESE;SE;9;11;37;11;1014.6;1010.2;29.2;41.2;No;No
12/01/2009;Brisbane;22;42.7;0;ESE;48;ESE;SW;4;4;33;11;1014.2;1010.5;29.9;42;No;No
12/01/2009;Canberra;28;43.1;0;SW;83;SE;E;15;9;27;9;1012.5;1008.7;32.4;41.9;No;No
12/01/2009;Sydney;24.4;38.3;0.2;SW;56;NE;NW;19;7;32;21;1011.7;1007.4;28.8;37.1;No;No
12/01/2009;Melbourne;21.5;37.7;0;;;N;;13;9;51;21;1009.2;1005.7;27.2;36.2;No;No
13/01/2009;Adelaide;21.7;36.9;0;;;;;11;11;53;26;1008.8;1004.7;25.5;35.2;No;No
13/01/2009;Brisbane;21.5;41.2;0;WSW;35;SSE;S;7;19;48;15;1005.9;1002.6;26.5;39.7;No;No
13/01/2009;Canberra;23.5;42.2;0;W;37;SE;W;6;15;39;8;1008;1005;28.7;41.6;No;No
13/01/2009;Sydney;22.3;44.8;0;NNW;59;SE;NW;9;33;36;11;1008.2;1003.8;29.6;43.4;No;No
13/01/2009;Melbourne;28.3;40.2;0;NW;52;N;W;9;22;20;19;1007;1006.5;34.5;38.5;No;No
14/01/2009;Adelaide;18.4;31.2;0.4;SE;37;SW;WSW;7;11;66;31;1009.3;1007.8;18.7;29.4;No;No
14/01/2009;Brisbane;14.9;27.3;0;SSE;41;SSE;SE;20;13;50;30;1011.6;1008.5;17.4;25.8;No;No
14/01/2009;Canberra;13.5;26.7;0;SSE;46;SSE;E;19;11;45;24;1012.8;1011.1;16.7;24.9;No;No
14/01/2009;Sydney;16.1;21.6;0;SE;46;SSE;NE;11;15;58;69;1017;1017.3;17;17.3;No;Yes
14/01/2009;Melbourne;14.6;29;3;SSE;41;SE;SSE;26;24;41;21;1023.3;1019.7;18;27.6;Yes;No
15/01/2009;Adelaide;12.4;29.2;0;NE;39;S;;7;0;37;18;1022.5;1016.4;18.3;28.5;No;No
15/01/2009;Brisbane;13.3;31.3;0;NNE;41;SSE;SSW;7;15;50;23;1016.2;1012.8;19.2;29.2;No;No
15/01/2009;Canberra;17.2;31.1;0;E;35;SE;ESE;17;11;43;22;1017.7;1013.8;21.4;29.5;No;No
15/01/2009;Sydney;12.5;28.8;0;N;31;SSE;ENE;7;11;46;17;1017.2;1013.5;18;27;No;No
15/01/2009;Melbourne;18;32;0;NW;31;ENE;SW;4;13;44;22;1012.4;1007.5;22.1;30.7;No;No
16/01/2009;Adelaide;16.2;34;0;WSW;48;SE;WSW;4;22;53;16;1007.8;1004.5;21;32.7;No;No
16/01/2009;Brisbane;18.7;29.1;0;SSW;41;NNW;SSE;7;17;45;39;1010.1;1010.8;21.5;26.8;No;No
16/01/2009;Canberra;13.7;31.7;0;SSE;28;SSE;S;2;9;63;19;1012.5;1010.4;19.3;29.8;No;No
16/01/2009;Sydney;15.5;33.2;0;NW;31;S;WNW;11;15;49;23;1015.6;1012.4;20.9;31.3;No;No
16/01/2009;Melbourne;14.3;34;0;NW;70;SE;NW;6;22;48;10;1013;1009.2;20.7;33.4;No;No
17/01/2009;Adelaide;12.9;29.6;0;WNW;46;SW;WNW;7;24;54;14;1014;1012.7;18.7;28.6;No;No
17/01/2009;Brisbane;8.9;31.9;0;WNW;43;;WSW;0;17;49;16;1016.6;1013.4;15;29.3;No;No
17/01/2009;Canberra;15;32.7;0;ESE;26;ESE;S;15;2;43;19;1017.8;1015;20.7;30.5;No;No
17/01/2009;Sydney;15.4;32.6;0;W;24;;S;0;6;53;25;1016.2;1012.6;20;30.8;No;No
17/01/2009;Melbourne;16;34.5;0;WSW;44;E;;6;;44;14;1007.5;1004.6;22.2;33.6;No;No
18/01/2009;Adelaide;12.8;30.3;0;W;30;W;WSW;4;13;53;27;1010.5;1008.7;17.3;28.1;No;No
18/01/2009;Brisbane;13.2;31.9;0;NNW;35;S;ENE;6;9;53;25;1014.1;1011.6;18;29.8;No;No
18/01/2009;Canberra;18;31.1;0;WNW;52;NE;NNE;15;26;58;35;1014.7;1009;23;29.2;No;No
18/01/2009;Sydney;13.8;22.1;0.2;WNW;57;W;WNW;26;33;57;26;1014.5;1013.1;15.6;21.9;No;No
18/01/2009;Melbourne;11.5;22;0;SW;50;WSW;W;19;33;60;33;1013.7;1011.8;13.9;21.4;No;No
19/01/2009;Adelaide;7.6;24;0;WSW;30;;WNW;0;13;52;23;1014.5;1012;12.6;22;No;No
19/01/2009;Brisbane;8.3;27.9;0;W;37;S;W;4;20;58;22;1015.2;1012.4;13.3;27;No;No
19/01/2009;Canberra;11;30.2;0;SSE;24;E;SSE;7;11;54;20;1017;1014.7;17.6;28.8;No;No
19/01/2009;Sydney;13.8;31.8;0;NNE;24;SSE;NE;6;17;49;28;1019.7;1015.9;18.6;30.5;No;No
19/01/2009;Melbourne;15.5;32;0;NE;50;ESE;E;2;4;51;25;1019.5;1016.2;20.1;30.8;No;Yes
20/01/2009;Adelaide;18.4;30.5;1.2;NE;44;NE;N;15;19;57;23;1021.3;1018;21.5;29.6;Yes;No
20/01/2009;Brisbane;20.9;25.7;0;W;37;ENE;S;11;9;52;90;1019.5;1018.9;22.2;18.8;No;Yes
20/01/2009;Canberra;17.1;25.8;5.8;ENE;31;;S;0;13;82;68;1017.4;1014.7;19;23.8;Yes;Yes
20/01/2009;Sydney;16.4;27;3;SW;69;E;N;9;22;82;74;1012.7;1008;19.9;19.7;Yes;Yes
20/01/2009;Melbourne;10;19.7;11.6;WNW;39;W;NW;11;17;62;41;1013.4;1012;12.7;18.3;Yes;No
21/01/2009;Adelaide;8.8;21.9;0;W;39;S;WNW;2;20;78;34;1013.3;1011.6;12.2;20.5;No;No
21/01/2009;Brisbane;8.4;25.3;0;WNW;35;SSE;WSW;9;17;78;34;1015.6;1013.2;12.1;23.9;No;No
21/01/2009;Canberra;9.3;28;0;NW;52;SSE;NW;6;11;76;19;1017.4;1013.9;14.7;27.2;No;No
21/01/2009;Sydney;11.3;30.1;0;WSW;24;S;SW;6;7;56;15;1016.3;1013.6;14.7;29.3;No;No
21/01/2009;Melbourne;11.5;33.5;0;SSE;22;NE;N;7;7;50;13;1016.5;1013.6;17.4;32.6;No;No
22/01/2009;Adelaide;13.8;33.6;0;NNW;28;;NNE;0;11;47;17;1017;1013.1;18.8;33.5;No;No
22/01/2009;Brisbane;14.6;30;0;NE;37;E;NNE;4;19;56;30;1014.8;1012.7;18.1;29;No;No
22/01/2009;Canberra;14.4;31.6;0;NW;37;;WNW;0;24;63;25;1013.7;1011.8;18.8;31.4;No;No
22/01/2009;Sydney;10.8;31.9;0;S;48;SSE;WNW;6;20;62;20;1016.5;1014.4;15.4;30.7;No;No
22/01/2009;Melbourne;15.4;22.3;0.4;ENE;30;SSE;SSE;11;9;69;78;1017.4;1019.2;18.3;19.6;No;Yes
23/01/2009;Adelaide;13.3;29.8;1.8;WSW;33;;WNW;0;20;87;26;1019.1;1017.2;16.2;29.2;Yes;No
23/01/2009;Brisbane;10.1;27.6;0;WNW;43;;W;0;11;63;30;1023;1020.7;16.5;26.8;No;No
23/01/2009;Canberra;9.1;28.9;0;NNW;24;N;N;2;17;60;26;1023.8;1020.6;14;27.7;No;No
23/01/2009;Sydney;10.4;31.2;0;S;22;;SE;0;6;60;18;1022.4;1019.1;16;29.9;No;No
23/01/2009;Melbourne;13.4;30.4;0;ENE;22;;SE;0;9;57;16;1023;1019.5;17.2;29.2;No;No
24/01/2009;Adelaide;12.3;29.9;0;WSW;26;S;SSW;2;13;61;25;1023.2;1019.5;17.1;28.6;No;No
24/01/2009;Brisbane;12.2;30.6;0;SE;22;;ENE;0;6;59;22;1022.6;1019.4;16.6;29.5;No;No
24/01/2009;Canberra;14.3;32.1;0;NE;28;;ENE;0;11;59;30;1022.6;1018.4;18.4;30.9;No;Yes
24/01/2009;Sydney;18.4;28.1;8.6;W;98;E;NNE;7;17;92;49;1018.8;1012.9;19;27.4;Yes;Yes
24/01/2009;Melbourne;10.7;21.4;12.6;W;43;;WSW;0;13;60;33;1019.8;1019.3;13.9;20.3;Yes;No
25/01/2009;Adelaide;7.8;21.7;0;WSW;31;E;NW;6;19;72;37;1020.4;1016.5;12.9;21.2;No;No
25/01/2009;Brisbane;8.1;21.4;0;W;35;SSE;WSW;13;19;58;20;1021.8;1019.6;13.8;20.9;No;No
25/01/2009;Canberra;7.5;22.5;0;SE;28;S;S;7;7;55;27;1026.7;1023.5;13.3;21.6;No;No
25/01/2009;Sydney;8.2;24;0;SSE;17;SSE;SSE;7;13;60;30;1027.1;1023.4;13.8;23.5;No;No
25/01/2009;Melbourne;8.1;25.7;0;ENE;22;ESE;S;9;13;67;27;1024.2;1019.6;15.1;25;No;No
26/01/2009;Adelaide;11.6;26.7;0;W;48;SE;NE;6;11;59;42;1021.5;1017.7;16.4;24.3;No;Yes
26/01/2009;Brisbane;13;24.9;8.4;W;46;S;E;6;11;75;47;1024.4;1020.3;18;24.4;Yes;Yes
26/01/2009;Canberra;13.5;24.2;6.2;WSW;20;;SE;0;6;88;52;1024.1;1020.8;15.4;23.1;Yes;No
26/01/2009;Sydney;9.9;25.4;0;NNE;19;ENE;SSW;4;7;65;35;1023;1018.7;16.1;25;No;No
26/01/2009;Melbourne;12.2;25;0;WNW;30;;W;0;15;68;39;1016.3;1011.6;16.2;24.6;No;No
27/01/2009;Adelaide;10.7;21.9;0;W;63;NW;W;26;31;44;27;1008.2;1009.8;20.5;18.9;No;No
27/01/2009;Brisbane;3.5;20;0;W;31;;WNW;0;13;65;30;1016.3;1012.8;9.6;19.4;No;No
27/01/2009;Canberra;6.6;21.6;0;WNW;26;ENE;W;6;11;59;39;1018.5;1016.8;12.6;21.6;No;No
27/01/2009;Sydney;7;23.4;0;W;24;SSE;W;2;17;73;37;1022.8;1019.3;12.4;22.9;No;No
27/01/2009;Melbourne;11.2;23.9;0;SE;31;SE;SE;13;15;54;33;1022.7;1019.6;18;23.6;No;No
28/01/2009;Adelaide;7.4;22;0;SSE;28;SE;SE;2;7;58;29;1023.6;1020;14.1;21.3;No;No
28/01/2009;Brisbane;5.7;21.4;0;ESE;17;ENE;SSE;6;7;68;39;1025.2;1020.9;12.2;20.9;No;No
28/01/2009;Canberra;6.2;22.7;0;ESE;17;;SW;0;7;73;33;1026;1021.6;11.2;22.3;No;No
28/01/2009;Sydney;6;22.9;0;NE;33;;NE;0;20;68;34;1021.3;1015.7;12.9;22.6;No;No
28/01/2009;Melbourne;10.6;16.2;0;WNW;39;ESE;NNE;7;4;74;86;1008.9;1002.4;14.9;15.1;No;Yes
29/01/2009;Adelaide;12.9;15.8;20;W;70;WNW;NNW;19;15;83;89;1004.8;1000.9;13.3;14.5;Yes;Yes
29/01/2009;Brisbane;8.6;12.9;21;NNW;63;NW;WNW;26;31;77;62;1004;1003.3;9.5;11.6;Yes;Yes
29/01/2009;Canberra;4.5;11.5;3.2;NW;26;N;NNW;9;13;82;79;1013.8;1013.5;7.6;9.4;Yes;Yes
29/01/2009;Sydney;7.6;14.5;4.8;WNW;35;W;W;15;20;83;48;1018;1018.3;10.1;14;Yes;No
29/01/2009;Melbourne;5.4;12.2;0;SSE;19;SE;SSE;9;7;62;46;1023.1;1020.9;8.2;12.1;No;No
30/01/2009;Adelaide;2.1;16.5;0;SW;19;;SW;0;7;70;38;1023.4;1021.5;7.9;16.1;No;No
30/01/2009;Brisbane;1.8;17;0;SW;19;;WSW;0;7;77;44;1026;1023.2;7.2;16.3;No;No
30/01/2009;Canberra;7.2;19.2;0;SW;22;ENE;W;7;6;81;49;1026.9;1024;10.1;19.1;No;No
30/01/2009;Sydney;4.6;18.9;0;S;15;N;SSE;4;7;75;51;1028.7;1025.9;10.6;18.5;No;No
30/01/2009;Melbourne;4.2;19.1;0;W;19;ENE;WSW;6;13;86;44;1029.8;1027.3;9.6;18.8;No;No
31/01/2009;Adelaide;5.2;18.8;0;ESE;15;;SE;0;7;71;47;1031.4;1028.1;10.3;18.4;No;No
31/01/2009;Brisbane;4.1;19.3;0;SW;20;ENE;WNW;6;7;82;49;1028.5;1024.6;10;19.2;No;No
31/01/2009;Canberra;3.2;18.4;0;SW;20;SE;WNW;6;11;86;49;1026.2;1023.6;8.3;18.2;No;No
31/01/2009;Sydney;4.3;19;0;W;15;;W;0;9;68;36;1028.8;1025.8;11;18.5;No;No
31/01/2009;Melbourne;3.7;20.5;0;W;17;;WSW;0;7;78;45;1026;1021.8;9.4;20.2;No;No
01/02/2009;Adelaide;5.4;19.5;0;SE;17;;SE;0;7;69;40;1025.1;1022.3;11.7;19.1;No;No
01/02/2009;Brisbane;4.3;17.7;0;ESE;15;NNW;S;6;7;89;53;1025.6;1022.2;8.5;17.7;No;No
01/02/2009;Canberra;3.6;18.5;0;W;26;ENE;WNW;4;17;81;49;1022.3;1018.5;9.1;18;No;No
01/02/2009;Sydney;3.6;15.1;0;WNW;28;SE;W;4;17;86;61;1018.4;1015.7;7.5;14.6;No;No
01/02/2009;Melbourne;6.9;16.3;0;WNW;35;WNW;WNW;17;19;77;59;1015.3;1013.1;10.3;15.3;No;No
02/02/2009;Adelaide;10.3;16.6;0;WNW;54;NW;NW;13;19;82;63;1015;1011;12.9;15.9;No;Yes
02/02/2009;Brisbane;12.4;16.4;1.8;W;52;W;WSW;22;24;82;54;1011.8;1013.4;13;14.5;Yes;No
02/02/2009;Canberra;3;15.6;0;W;20;E;E;6;9;83;61;1022.5;1019.3;7;14.7;No;No
02/02/2009;Sydney;2.6;19.7;0;E;13;;ENE;0;4;82;34;1024.7;1021.2;8.8;18.7;No;No
02/02/2009;Melbourne;3.7;19.1;0;SSE;19;;SSE;0;11;87;51;1023.6;1019.9;7.4;18.9;No;No
03/02/2009;Adelaide;5.1;18.6;0;E;13;SSE;ENE;2;9;75;57;1022.8;1020.5;12.4;18;No;No
03/02/2009;Brisbane;4.4;19.8;0;SE;20;;SE;0;7;81;48;1025.2;1022.3;9.4;19.1;No;No
03/02/2009;Canberra;4.7;19.8;0;SE;24;S;SE;4;19;75;43;1025.2;1021.4;10.1;19.6;No;No
03/02/2009;Sydney;6.2;22.9;0;E;30;NE;SE;6;9;71;37;1022.2;1019.4;11.9;21.7;No;No
03/02/2009;Melbourne;6.7;21.1;0;SE;20;;SE;0;11;69;43;1025;1022.1;12.5;20.8;No;No
04/02/2009;Adelaide;9.3;20.3;0;NE;31;SE;NE;9;22;77;50;1024.6;1019.7;11.6;19.5;No;Yes
04/02/2009;Brisbane;11.6;18.1;4.2;E;19;E;SSE;2;6;97;74;1021.4;1019.2;13.6;17.4;Yes;No
04/02/2009;Canberra;8;16.2;0.8;W;20;;WSW;0;11;99;58;1021.7;1019.3;10.1;15.6;No;No
04/02/2009;Sydney;2.6;15.7;0;SSE;13;;S;0;2;91;48;1023.4;1021.6;7.1;15.3;No;No
04/02/2009;Melbourne;2.2;16.5;0;ESE;33;;SE;0;19;67;44;1025.6;1024;10.2;15.9;No;No
05/02/2009;Adelaide;2.2;16.8;0;SE;26;;SE;0;15;65;44;1030.3;1028.5;9.6;16.7;No;No
05/02/2009;Brisbane;1.7;17.1;0;NW;44;;SE;0;9;73;46;1034.1;1029.9;8;16.8;No;Yes
05/02/2009;Canberra;8;14.3;1.2;SE;13;;;0;0;88;75;1031.9;1029.2;9.2;14;Yes;Yes
05/02/2009;Sydney;8.4;13.4;1.4;SE;13;;ESE;0;7;78;75;1029.3;1026.2;10.6;13.4;Yes;Yes
05/02/2009;Melbourne;10.6;14.3;4.8;SE;13;ENE;SE;6;9;85;97;1023.5;1020.4;12.4;13;Yes;Yes
06/02/2009;Adelaide;8.9;17.4;8;ENE;13;NW;E;2;4;99;58;1021;1017.5;11.3;16.5;Yes;No
06/02/2009;Brisbane;2.8;16.1;0;W;20;NNE;W;4;11;86;57;1017.9;1015.1;7.6;15.6;No;No
06/02/2009;Canberra;1.7;10.5;0.2;ESE;11;E;;4;0;99;91;1015.2;1011.1;4.7;10.2;No;Yes
06/02/2009;Sydney;4.7;11.6;14.4;NNW;30;NNW;NNW;6;17;93;80;1007.5;1006.3;10;11.5;Yes;Yes
06/02/2009;Melbourne;9;12;4.6;WNW;33;WNW;WNW;9;26;88;79;1009.6;1008.7;10.3;11.4;Yes;Yes
07/02/2009;Adelaide;6.3;8.8;2;W;43;NNW;WNW;13;13;92;95;1011.1;1008.3;6.8;7.9;Yes;Yes
07/02/2009;Brisbane;3;10.5;5.6;WNW;37;W;WSW;15;22;77;56;1017.6;1018.4;4.9;9.7;Yes;No
07/02/2009;Canberra;-2;9.6;0;SE;13;;ESE;0;6;84;72;1025.1;1023;2.2;8.8;No;No
07/02/2009;Sydney;-1.3;8.2;0;ESE;15;E;SSE;6;6;99;72;1025.7;1022.2;1.9;7.9;No;No
07/02/2009;Melbourne;1.8;12.4;0;ENE;28;E;NE;4;15;86;60;1018.3;1013;5.9;12.1;No;No
08/02/2009;Adelaide;2;15.8;0;NNE;24;;NE;0;11;82;49;1011.8;1009.3;6.5;15.5;No;No
08/02/2009;Brisbane;0.5;14.9;0.4;ESE;13;NNE;;2;0;99;63;1013.9;1012.8;5.4;13.9;No;No
08/02/2009;Canberra;1.2;17.7;0;SE;17;;ESE;0;6;83;49;1022.3;1022.2;6.6;15.4;No;No
08/02/2009;Sydney;0.6;15.9;0;WSW;13;;W;0;2;94;52;1029.7;1027.7;5.6;14.9;No;No
08/02/2009;Melbourne;0.5;14.7;0;N;11;N;;6;0;99;63;1031.6;1028.6;4.7;14.5;No;No
09/02/2009;Adelaide;0.5;15.3;0;ESE;13;NE;SE;6;6;93;56;1030.8;1027.1;5.4;15.1;No;No
09/02/2009;Brisbane;0.9;17.3;0;NNE;28;NE;NE;4;17;85;56;1025.7;1020.6;7;16.7;No;Yes
09/02/2009;Canberra;7;17;1.6;ENE;46;NW;ENE;4;20;99;71;1021.9;1018.6;8.3;16.4;Yes;Yes
09/02/2009;Sydney;5;14.9;5.6;SE;19;SE;ENE;4;6;99;78;1020.7;1018.6;9.1;13.6;Yes;No
09/02/2009;Melbourne;3.9;15.5;0;W;35;ENE;SSE;11;7;99;70;1020.2;1016.4;8.3;15.2;No;Yes
10/02/2009;Adelaide;7.7;14.1;6;ESE;41;ESE;SE;7;9;81;65;1014.9;1012.7;9.6;13.7;Yes;No
10/02/2009;Brisbane;4.7;12.2;0;NNW;24;ESE;N;2;13;99;75;1015.5;1012.7;6.9;11.6;No;Yes
10/02/2009;Canberra;6.9;13.7;4.4;SE;46;ESE;ESE;7;9;99;73;1011.6;1008.1;8.4;13;Yes;No
10/02/2009;Sydney;8.4;11.9;0;SSE;22;SE;SE;7;6;79;81;1007.8;1005.5;10.3;11.3;No;Yes
10/02/2009;Melbourne;9.3;12.3;5.4;W;22;WSW;NNW;9;11;98;76;1007.5;1006.6;9.8;12.3;Yes;Yes
11/02/2009;Adelaide;8.2;15.7;3.6;NE;26;NE;NNE;9;15;91;69;1011.4;1009.4;10.1;15.6;Yes;Yes
11/02/2009;Brisbane;9.1;16.1;2;NW;72;NE;NE;11;19;78;73;1007.6;1001;13.5;15.3;Yes;Yes
11/02/2009;Canberra;8.3;13.3;8.4;NW;52;N;NW;20;22;85;68;1006.5;1005.2;9.5;13.1;Yes;Yes
11/02/2009;Sydney;8.8;11.6;5;WNW;54;NW;WNW;19;19;88;74;1009.4;1006.8;8.8;11.4;Yes;Yes
11/02/2009;Melbourne;7.6;12;7.8;W;61;W;WSW;17;22;82;62;1008.6;1009.6;7.8;11.7;Yes;No
12/02/2009;Adelaide;5.7;13.2;0;WNW;39;WNW;WNW;15;24;91;76;1016.3;1014.9;7.9;12.6;No;No
12/02/2009;Brisbane;3.4;12.4;0;W;31;W;W;9;15;80;56;1019.9;1019;7;12;No;No
12/02/2009;Canberra;0;12.1;0;ENE;19;NNE;WSW;7;7;99;65;1022.4;1020.4;2.3;11.4;No;No
12/02/2009;Sydney;-1.5;12.5;0;E;19;;ENE;0;7;91;46;1026;1024.6;2.4;12.4;No;No
12/02/2009;Melbourne;-1.7;13.8;0;E;17;;ESE;0;7;84;54;1030.4;1028.1;3.3;12.4;No;No
13/02/2009;Adelaide;-0.4;15;0.2;ESE;13;;SE;0;7;84;54;1032;1028.6;3.8;14.3;No;No
13/02/2009;Brisbane;0.1;13.5;0;E;13;;SSE;0;9;93;62;1028.7;1023.8;4.8;13.4;No;No
13/02/2009;Canberra;4.8;13.3;0.6;NE;24;;NE;0;13;96;63;1020.5;1015.6;8.1;13.2;No;No
13/02/2009;Sydney;8.1;16.5;0.6;NNW;33;SSE;NNW;7;19;77;53;1010.4;1007.7;11.6;15.4;No;No
13/02/2009;Melbourne;5.9;13.1;1;WNW;41;N;NNW;13;11;82;73;1007.6;1005.5;9;12.3;No;Yes
14/02/2009;Adelaide;6.9;11;6.8;W;30;N;SSW;9;9;94;75;1006.6;1005.8;7.5;10.1;Yes;Yes
14/02/2009;Brisbane;2.9;12.6;1.8;WSW;22;ENE;;4;0;99;57;1010.5;1009.9;5.9;12.5;Yes;No
14/02/2009;Canberra;-0.6;13.4;0;WNW;24;;WSW;0;9;95;57;1015.6;1014.5;3.8;12.8;No;No
14/02/2009;Sydney;-0.3;14.4;0.2;N;17;NNE;SW;4;6;88;52;1022.4;1020.6;4.5;14.2;No;No
14/02/2009;Melbourne;-1;12;0;N;20;;N;0;11;98;64;1023;1019.5;3.2;11.2;No;No
15/02/2009;Adelaide;3.2;14.1;0.6;NNE;24;ESE;NE;7;11;94;65;1021.6;1019.8;7.8;13.5;No;No
15/02/2009;Brisbane;3.6;16.5;0.2;NW;39;;N;0;19;95;53;1023.1;1018.4;7.1;16.3;No;No
15/02/2009;Canberra;0.8;17.7;0;N;43;ENE;ENE;4;17;87;46;1019.7;1013.4;6.6;17.6;No;No
15/02/2009;Sydney;6.6;12.3;0;W;44;ENE;NNW;7;20;74;81;1009.5;1006.2;11.3;10.2;No;Yes
15/02/2009;Melbourne;6;13.5;9.8;WNW;26;W;W;13;17;83;58;1015.1;1018.4;8.5;12.9;Yes;No
16/02/2009;Adelaide;-0.1;12.9;0;NW;22;;NNW;0;15;87;58;1027.3;1025.4;3.7;11.6;No;No
16/02/2009;Brisbane;-0.3;12.2;0;NE;20;;NE;0;9;95;61;1026.8;1022.7;2.5;10.8;No;No
16/02/2009;Canberra;2.1;9.8;0;SSE;13;;E;0;2;85;74;1018;1013.7;4.4;9.6;No;No
16/02/2009;Sydney;1.3;8.8;0;N;20;ENE;NNW;6;9;99;91;1019.9;1019.9;4.2;7.3;No;Yes
16/02/2009;Melbourne;4.2;12.7;3.8;WNW;31;NW;WNW;11;11;89;71;1024;1023.1;8.8;12;Yes;Yes
17/02/2009;Adelaide;8.3;13.2;2.4;WNW;24;NW;WSW;11;9;98;81;1026;1025.4;9.3;12.1;Yes;No
17/02/2009;Brisbane;3.3;12.1;0.2;NNW;22;;WNW;0;9;99;76;1025.8;1022.7;6.5;12;No;Yes
17/02/2009;Canberra;6.5;14.5;5.2;W;35;W;WSW;19;22;81;61;1021.3;1021.5;11.6;12.7;Yes;No
17/02/2009;Sydney;7.4;13.9;0.2;W;30;;WNW;0;15;99;70;1026.8;1025.3;8.9;13.3;No;No
17/02/2009;Melbourne;7.5;14.1;0.8;NNW;30;SW;NNW;2;17;94;65;1027.9;1024.8;10.5;13.3;No;No
18/02/2009;Adelaide;8.3;13.8;0.8;NNW;37;W;WNW;20;15;79;49;1023.1;1022.9;9.9;13.6;No;No
18/02/2009;Brisbane;3.2;14.7;0;SSE;17;;ENE;0;4;91;53;1021.7;1018.9;5.7;14;No;Yes
18/02/2009;Canberra;5.7;13.8;5.4;NNE;19;ENE;S;7;7;98;76;1022.2;1020.2;8.9;13.6;Yes;No
18/02/2009;Sydney;5.1;17.1;0.4;N;35;;NE;0;19;99;58;1021.9;1016.7;8;16.6;No;No
18/02/2009;Melbourne;8;13.9;0.8;WNW;57;WNW;WSW;35;33;79;47;1012.8;1015.6;9.8;13.7;No;Yes
19/02/2009;Adelaide;-0.8;12.9;4.2;WNW;24;E;WSW;6;6;78;50;1026.4;1023;4.4;12.3;Yes;No
19/02/2009;Brisbane;-1;12.2;0;ESE;15;S;E;2;7;91;48;1021.6;1018.5;2;12.1;No;No
19/02/2009;Canberra;1.9;14.8;0.2;SE;20;SSE;SE;4;11;72;60;1018.6;1014.7;5.9;12.6;No;No
19/02/2009;Sydney;5.9;17.7;0.4;NNE;43;E;NNW;19;22;62;59;1009;1008.6;14.8;15.6;No;Yes
19/02/2009;Melbourne;6.9;14.3;4.8;W;24;SSE;NW;6;13;99;74;1011.5;1010;9.1;13;Yes;No
20/02/2009;Adelaide;7.7;11.6;0.2;NW;22;NW;N;6;13;94;87;1015.7;1015.3;9.4;11.1;No;Yes
20/02/2009;Brisbane;6.8;15.2;1.2;WSW;22;;WNW;0;13;99;61;1021.1;1019.1;9;14.7;Yes;No
20/02/2009;Canberra;2.7;17.5;0.2;NNE;24;SE;NE;7;13;99;57;1021.2;1016.8;6.7;17;No;Yes
20/02/2009;Sydney;5.1;15.5;1.6;W;39;NE;ENE;11;11;79;70;1012.2;1006.4;11;14.3;Yes;Yes
20/02/2009;Melbourne;4.2;13.6;3.2;WNW;37;W;WNW;20;19;73;57;1018.2;1019.7;9.8;12.8;Yes;No
21/02/2009;Adelaide;0.6;15.6;0;WNW;15;;S;0;6;85;58;1029.8;1027.2;6;14.4;No;No
21/02/2009;Brisbane;1.6;16.4;0;E;17;NE;S;7;7;99;61;1027.7;1022.5;5.5;15.2;No;No
21/02/2009;Canberra;5.5;18.4;0;N;22;ESE;N;6;13;78;51;1019.7;1014.3;11.1;17.3;No;No
21/02/2009;Sydney;7.3;14.8;1;WNW;59;NNE;WSW;26;30;72;85;1004;1001.7;13.3;10.1;No;Yes
21/02/2009;Melbourne;0.2;14.1;6.6;NE;26;SE;NNE;9;13;90;57;1012;1009.6;5.8;12.9;Yes;Yes
22/02/2009;Adelaide;5.8;18.9;3.8;NNE;26;ENE;NNE;7;11;94;67;1011.5;1007.1;10.8;18.2;Yes;Yes
22/02/2009;Brisbane;8.9;17.1;1.2;WNW;63;NNW;NW;26;22;68;52;1004.1;1001;13.2;16.4;Yes;Yes
22/02/2009;Canberra;7.1;12.8;2;W;85;W;NW;15;20;75;53;1009.6;1008.2;7.7;11.7;Yes;Yes
22/02/2009;Sydney;4.2;14.4;3.6;NW;43;NNW;NW;13;30;83;56;1016.1;1014.4;6.9;13.6;Yes;No
22/02/2009;Melbourne;1.1;16.7;0.4;N;30;ENE;N;11;19;72;49;1018.5;1014.6;8.9;16.2;No;No
23/02/2009;Adelaide;1.1;18.6;0;NNW;24;ESE;E;7;11;87;51;1016.9;1013.3;7.2;17.6;No;Yes
23/02/2009;Brisbane;7.2;17.9;4.2;W;59;NE;W;20;19;81;80;1002.6;996.9;13;17.5;Yes;Yes
23/02/2009;Canberra;6.3;11.1;13.4;WNW;56;W;W;26;20;77;57;1014.2;1015.2;6.7;10.7;Yes;Yes
23/02/2009;Sydney;6.7;14.2;1.4;NW;39;NW;NW;19;22;90;72;1018.9;1016.8;9.7;13.9;Yes;Yes
23/02/2009;Melbourne;5.1;14.2;3;WNW;24;WNW;W;7;15;96;58;1023.2;1021.7;9.7;12.5;Yes;No
24/02/2009;Adelaide;1;16.8;0;ESE;24;ESE;E;9;9;82;45;1024.9;1020.2;7;16;No;No
24/02/2009;Brisbane;6.1;20.7;0;NE;43;SE;NE;4;24;80;54;1016.6;1010.8;10.2;20.3;No;Yes
24/02/2009;Canberra;6.3;16.9;1.4;NW;35;ESE;WNW;6;13;85;58;1014.4;1012.3;12.5;15.5;Yes;No
24/02/2009;Sydney;2.1;15;0;WNW;30;ESE;NW;4;11;81;54;1019.5;1017.9;8.6;14.9;No;No
24/02/2009;Melbourne;1.6;16.6;0;NE;37;SE;NE;9;20;79;47;1018.4;1011.4;8.3;15.4;No;No
25/02/2009;Adelaide;8.3;17.6;0;W;41;ENE;W;9;30;73;53;1005;1002.7;13.9;16.5;No;No
25/02/2009;Brisbane;5.7;16.5;0;W;46;W;WSW;7;30;90;59;1009.9;1009;9.4;15.3;No;No
25/02/2009;Canberra;7.5;14.3;0;W;35;W;WNW;17;22;82;67;1012.8;1011.3;9.5;13.4;No;No
25/02/2009;Sydney;2.6;;0;;;E;WNW;6;13;71;55;1017.8;1017.6;9.7;14.3;No;Yes
25/02/2009;Melbourne;;18.8;;N;31;SE;NNE;7;19;83;46;1022.2;1018.2;8.7;18.1;;No
26/02/2009;Adelaide;6.5;24.7;0;NE;39;SE;NE;6;22;70;39;1020;1015.4;13.2;24;No;No
26/02/2009;Brisbane;13.2;25.1;0;NNE;35;E;WNW;9;11;44;25;1017;1012.2;17.3;23.1;No;No
26/02/2009;Canberra;4.3;17.8;0;SW;24;NE;NNW;2;6;60;29;1022.6;1019.9;10.9;17.1;No;No
26/02/2009;Sydney;1.6;17.2;0;S;20;ESE;S;6;7;68;44;1022.5;1019.1;8.1;16.7;No;No
26/02/2009;Melbourne;2.8;21.1;0;E;17;E;ESE;7;9;74;39;1022.2;1016.8;11.2;20.7;No;No
27/02/2009;Adelaide;6.3;19;0;WNW;24;E;NW;6;2;76;73;1013.8;1011.9;12.9;14;No;Yes
27/02/2009;Brisbane;7.4;20.4;10.2;WNW;46;;;0;0;75;54;1021.2;1018.6;12.9;20.3;Yes;No
27/02/2009;Canberra;5.4;20.6;0;NNW;22;NE;WNW;6;11;98;46;1018.8;1015;10.2;19.2;No;No
27/02/2009;Sydney;8;18.9;0.4;W;33;;W;0;20;79;50;1014.6;1013.7;14.3;16.8;No;No
27/02/2009;Melbourne;3.7;19;0.2;NE;43;ESE;ENE;9;15;73;50;1014.5;1008.2;11.5;18.3;No;Yes
28/02/2009;Adelaide;11.5;20.2;8.4;NNE;50;NNW;N;17;13;77;55;1002.6;999.2;15.5;19.2;Yes;Yes
28/02/2009;Brisbane;9.3;16.8;28.8;W;56;W;WSW;26;30;82;54;997.8;1003.8;13.1;15.9;Yes;Yes
28/02/2009;Canberra;8.2;18.2;1.4;NW;41;WNW;NW;9;24;72;55;1015.1;1011.8;12.6;17.2;Yes;No
28/02/2009;Sydney;5.3;20.6;0;NNW;44;NNE;N;22;13;60;57;1009.3;1002.9;15.2;17.3;No;Yes
28/02/2009;Melbourne;6.8;12.2;6;WNW;56;WNW;W;37;24;79;72;1005.2;1003.9;7.9;11.1;Yes;Yes
01/03/2009;Adelaide;4.5;12.9;1.6;W;61;WNW;W;35;37;78;72;1009.8;1008.4;6.7;10.7;Yes;No
01/03/2009;Brisbane;5.5;17.9;0;W;43;W;W;17;24;79;56;1012.3;1009.9;9.2;16.8;No;No
01/03/2009;Canberra;1.7;17;0;NW;19;E;WNW;6;11;73;49;1015.6;1013.4;9.4;16.2;No;No
01/03/2009;Sydney;4;21.4;0;NNW;35;E;NNE;7;17;75;36;1018;1013.4;11.3;20.9;No;No
01/03/2009;Melbourne;8.9;21.1;0;SSW;28;N;S;6;9;76;61;1012.4;1008.8;12.9;19.4;No;No
02/03/2009;Adelaide;11.7;22;0;SE;30;S;SSW;4;11;68;55;1009.6;1004.9;16.1;20.6;No;Yes
02/03/2009;Brisbane;8.5;13.5;3.2;SSE;31;ESE;ESE;17;11;87;75;1014;1015.1;9.6;13;Yes;Yes
02/03/2009;Canberra;9.6;16.2;1.8;NNE;20;;SE;0;9;85;75;1020.6;1019.4;12.6;14.8;Yes;No
02/03/2009;Sydney;8.3;19.7;0.2;W;35;;SW;0;20;85;47;1020.7;1018.6;12.5;19.2;No;No
02/03/2009;Melbourne;5.2;16.2;0;SE;37;ENE;SSE;6;15;85;77;1020.2;1018.3;8.8;10;No;Yes
03/03/2009;Adelaide;3.8;15.9;3.6;S;35;;SSW;0;15;90;42;1018.7;1018.5;7.1;15.2;Yes;No
03/03/2009;Brisbane;1.2;16.3;0;ESE;39;E;SE;6;13;65;43;1024;1023.2;7.8;15.7;No;No
03/03/2009;Canberra;3.2;18.2;0;SSE;33;ESE;S;11;9;63;39;1027.7;1025.7;11.8;17.8;No;No
03/03/2009;Sydney;4.6;19;0;SE;22;SE;S;17;9;55;36;1029.5;1025.7;11.2;17.3;No;No
03/03/2009;Melbourne;6.4;18.7;0;W;48;SE;NNE;7;17;68;50;1022.6;1016.9;11.3;18.2;No;No
04/03/2009;Adelaide;5.8;23.3;0;W;59;SSE;NE;9;20;88;64;1007.9;999.4;11;19;No;Yes
04/03/2009;Brisbane;6.6;17.7;2;N;50;N;NW;17;30;70;71;1001.9;997.6;10.8;14.8;Yes;Yes
04/03/2009;Canberra;9.5;15.1;7;W;65;WNW;W;26;30;88;60;1000.5;1002.7;10.3;14.1;Yes;Yes
04/03/2009;Sydney;9.7;15.7;1.4;WNW;50;NW;WSW;15;22;79;84;1008.5;1007.8;11.1;10.9;Yes;Yes
04/03/2009;Melbourne;4.1;16.6;6.8;W;39;W;WNW;15;19;77;56;1016;1016.2;8.8;14.9;Yes;No
05/03/2009;Adelaide;4.6;19.2;0;WSW;28;SE;W;6;13;83;46;1022.7;1021.6;10.9;18.8;No;No
05/03/2009;Brisbane;5.1;20.3;0;NW;24;SSW;ESE;6;9;72;50;1026.9;1024.7;12.1;19.3;No;No
05/03/2009;Canberra;5.1;22.7;0;NE;19;WSW;NW;4;6;78;38;1026.6;1023.7;12.2;22;No;No
05/03/2009;Sydney;6.9;26.6;0;NNW;30;SE;S;7;17;71;31;1022.9;1018.4;13.4;25.8;No;No
05/03/2009;Melbourne;8.8;27.1;0;SSE;20;ESE;SSE;7;15;73;44;1018.9;1017.4;15.4;25.3;No;No
06/03/2009;Adelaide;9.1;27.1;0;WSW;24;SE;SSE;9;13;67;38;1020.8;1018.4;15.6;25.4;No;No
06/03/2009;Brisbane;8.1;23.9;0;WNW;35;ENE;SW;2;13;70;26;1019.6;1017.6;14.8;23.2;No;No
06/03/2009;Canberra;7.4;25.4;0;WSW;30;E;W;9;13;68;28;1019.5;1016.2;14.7;24.8;No;No
06/03/2009;Sydney;10.6;23.1;0;SE;63;WSW;WSW;2;13;68;34;1014.7;1013;14.4;21.3;No;No
06/03/2009;Melbourne;10.8;22;0;SE;35;SE;SSE;20;15;52;38;1023.8;1022;14.7;20.9;No;No
07/03/2009;Adelaide;5.9;24.1;0;ENE;26;S;NNE;7;9;64;43;1027.5;1023.1;12.9;23.4;No;No
07/03/2009;Brisbane;11.3;26.8;0;W;19;SE;SE;4;9;67;41;1025.4;1020.9;17.9;25.8;No;No
07/03/2009;Canberra;14.5;26.9;0;NNW;31;SE;N;9;20;65;50;1023.4;1020.6;19.1;25.8;No;No
07/03/2009;Sydney;13.7;29.1;0;WSW;22;SE;S;11;11;75;46;1022.8;1019.5;19.1;28.4;No;No
07/03/2009;Melbourne;15.6;30.8;0;SSE;20;E;SE;11;11;65;38;1022.3;1019;21.4;30.3;No;No
08/03/2009;Adelaide;17.8;34;0;WNW;33;SE;SE;9;17;66;35;1021.6;1017.3;23.1;32.7;No;No
08/03/2009;Brisbane;18.7;32.4;0;S;20;SE;SE;9;9;66;47;1018.8;1014.6;23.9;31.1;No;No
08/03/2009;Canberra;18.7;24.3;0;W;46;W;W;24;20;46;39;1009.8;1011.9;24.2;21.9;No;No
08/03/2009;Sydney;10;23.2;0;WNW;39;WSW;WNW;7;19;59;27;1017.1;1015.8;15;22.6;No;No
08/03/2009;Melbourne;6.6;25.3;0;NE;44;SE;SE;7;26;67;28;1020.5;1017.3;14;25.3;No;No
09/03/2009;Adelaide;10.8;27.9;0;SSE;28;SE;S;11;15;55;32;1025;1021.8;17.5;27;No;No
09/03/2009;Brisbane;11.3;29.8;0;S;22;SE;S;6;15;57;27;1028.5;1025.3;19.2;28.9;No;No
09/03/2009;Canberra;13.5;31.8;0;SSE;28;SE;E;4;9;55;29;1029.1;1024.8;21;30.3;No;No
09/03/2009;Sydney;15.4;33.4;0;WSW;37;ESE;SSE;7;13;48;29;1025.4;1020.6;22.1;32.8;No;No
09/03/2009;Melbourne;15.9;35.2;0;SW;33;SE;SW;7;11;49;23;1021;1017.2;23.3;33.8;No;No
10/03/2009;Adelaide;17.1;36;0;ESE;26;SSE;SE;4;13;43;18;1021.4;1017.8;24.5;34.9;No;No
10/03/2009;Brisbane;16.7;35.1;0;WSW;43;E;SW;2;28;49;18;1018.9;1014.8;24.7;34.6;No;No
10/03/2009;Canberra;18.1;32.8;0;SE;31;SE;SSE;19;17;42;22;1017.2;1013.9;23.2;31.7;No;No
10/03/2009;Sydney;13.4;35.4;0;W;46;SSE;SSW;13;11;55;25;1015.6;1011.2;21.7;32.6;No;No
10/03/2009;Melbourne;17.2;36.3;0;W;35;ENE;W;6;22;57;16;1009.8;1006.5;23.9;35.4;No;No
11/03/2009;Adelaide;15.3;35.1;0;W;54;SSE;S;4;13;46;20;1007;1002.6;24.1;33.4;No;No
11/03/2009;Brisbane;12.1;30.5;0;SSE;30;SSE;SSE;19;9;38;18;1008;1005.9;19.5;28.6;No;No
11/03/2009;Canberra;11.4;33.5;0;N;24;S;W;9;9;53;18;1010;1007.1;21;32.7;No;No
11/03/2009;Sydney;18.6;39.7;0;NW;37;NNE;WNW;17;22;29;11;1006.8;1004.6;27.8;39;No;No
11/03/2009;Melbourne;15.3;38.2;0;NW;78;SSE;WNW;4;13;45;21;1007.6;1002.3;24.7;36.4;No;Yes
12/03/2009;Adelaide;19.3;21;10.6;NE;37;NE;SSE;9;9;95;91;1010.8;1009;19.7;20.8;Yes;Yes
12/03/2009;Brisbane;18.3;28.3;25.8;NNW;61;;W;0;46;98;67;1003.7;1003.5;19.2;25.6;Yes;No
12/03/2009;Canberra;11.9;23.6;0.4;W;24;WSW;S;7;9;63;37;1020.7;1020.6;14.4;22.7;No;No
12/03/2009;Sydney;12.8;25.8;0;WNW;30;SSE;S;7;7;60;40;1024.6;1021.6;18.1;24.9;No;No
12/03/2009;Melbourne;17.2;32.9;0;SE;24;S;S;4;7;60;36;1020.8;1016;22;32;No;No
13/03/2009;Adelaide;21;34.5;0;N;78;SE;WNW;13;39;48;70;1012.2;1008.4;28.2;25.2;No;Yes
13/03/2009;Brisbane;15.9;26.2;10.2;N;24;NE;;11;0;82;56;1010.7;1008.6;17.6;24.7;Yes;No
13/03/2009;Canberra;17.1;26.4;0;W;52;WNW;NW;24;24;48;27;1006.5;1002.7;18.8;25.7;No;Yes
13/03/2009;Sydney;12.8;22.3;9.4;WNW;46;WSW;WNW;6;19;94;54;1000.5;1000.9;13.5;20.7;Yes;Yes
13/03/2009;Melbourne;13.2;23.9;2.4;SE;50;SSE;SE;9;24;82;35;1010.3;1009.3;15.9;23.6;Yes;No
14/03/2009;Adelaide;12.3;23.6;0;E;37;SE;SE;24;22;43;31;1018.4;1016.9;16.6;22.6;No;No
14/03/2009;Brisbane;10.6;27;0;WNW;39;SSE;WSW;7;9;48;29;1022;1018.9;16.8;25.5;No;No
14/03/2009;Canberra;11.4;31.5;0;W;50;S;NNW;6;17;57;16;1019.2;1014.3;20.3;29.8;No;No
14/03/2009;Sydney;12.3;27.5;0;WSW;44;SW;SW;11;20;42;7;1015.9;1014.4;19.5;26.8;No;No
14/03/2009;Melbourne;10.7;26.7;0;W;37;SE;WSW;2;24;44;22;1015.1;1012.9;17.6;25.7;No;No
15/03/2009;Adelaide;11.1;30.7;0;W;28;NE;W;4;13;58;23;1015.9;1012.4;18.9;28.7;No;No
15/03/2009;Brisbane;13.4;31.9;0;W;39;ENE;NW;6;28;47;19;1012.3;1009;21.2;30.6;No;No
15/03/2009;Canberra;18.2;24.9;0;SW;54;WSW;SW;13;28;58;45;1006.9;1006;21;21.8;No;Yes
15/03/2009;Sydney;9.2;25.4;1.2;WNW;30;SSW;NW;6;15;64;24;1011.6;1009.2;15.7;23.4;Yes;No
15/03/2009;Melbourne;14.2;27.4;0;W;52;SE;W;6;19;52;26;1008.9;1004.7;19.7;25.6;No;No
16/03/2009;Adelaide;9.2;22.6;1;SW;41;WSW;SW;19;20;62;30;1016.9;1016.3;12.8;21;No;No
16/03/2009;Brisbane;9;26.5;0;WSW;39;ENE;SW;4;15;52;31;1019.2;1016.1;17;26;No;No
16/03/2009;Canberra;11.8;29.6;0;SW;43;SSE;WSW;2;24;52;27;1017.6;1015;19.5;28.9;No;No
16/03/2009;Sydney;13.6;32;0;SSE;28;SSE;SSE;13;15;48;25;1018.7;1015.8;21.8;30.6;No;No
16/03/2009;Melbourne;13.1;34.7;0;SSW;28;SE;S;7;19;51;22;1019.4;1015.4;22.1;32.5;No;No
17/03/2009;Adelaide;14.6;38.6;0;NNW;39;SSE;NNE;9;20;45;8;1017;1012.3;23.8;36.9;No;No
17/03/2009;Brisbane;14.5;40.3;0;NW;107;S;WNW;9;50;40;28;1008.9;1005.7;24.2;31.4;No;Yes
17/03/2009;Canberra;12.2;26.4;3;W;41;NW;W;11;17;60;19;1015;1014.1;16;24.9;Yes;No
17/03/2009;Sydney;11.1;29.2;0;WSW;37;SSE;WSW;2;20;45;23;1016.2;1014.2;19.1;27.7;No;No
17/03/2009;Melbourne;12;31.3;0;NNW;31;SSE;ESE;7;7;52;21;1018.1;1013.7;20.8;30.4;No;No
18/03/2009;Adelaide;12.7;33.7;0;NW;39;ESE;NW;6;22;48;10;1013.5;1009.6;21;32.7;No;No
18/03/2009;Brisbane;15.1;36.6;0;WSW;39;ENE;SW;11;19;44;10;1010.9;1007.3;23.1;35.9;No;No
18/03/2009;Canberra;18.1;38.2;0;E;37;SE;N;11;11;41;12;1012.4;1008.8;27.2;37.5;No;No
18/03/2009;Sydney;22.9;34.6;0;NNE;63;N;NNW;31;20;21;29;1006.5;1006.3;32.1;30.4;No;Yes
18/03/2009;Melbourne;18.8;28.3;9.8;SE;31;;NNE;0;6;84;49;1009.8;1008;20.9;27.5;Yes;No
19/03/2009;Adelaide;17.1;31.3;0;N;33;SSE;NW;17;7;56;34;1014.7;1011.9;20;29.4;No;No
19/03/2009;Brisbane;17.6;27.3;0;ENE;24;S;NE;11;15;61;74;1016.3;1013.9;22.1;22.7;No;No
19/03/2009;Canberra;17.8;35.9;0;SE;33;SW;WSW;6;11;58;23;1015.2;1012.6;24.4;34.1;No;No
19/03/2009;Sydney;18.7;35.9;0;SSE;31;ENE;NE;4;9;46;24;1020;1017;25.6;34.1;No;No
19/03/2009;Melbourne;19.8;36.8;0;N;33;S;NE;4;15;41;15;1022;1016.7;26;35.1;No;No
20/03/2009;Adelaide;21.1;33.2;0;N;44;ENE;NE;15;20;41;35;1016.8;1012;28.1;31.1;No;Yes
20/03/2009;Brisbane;19.4;31.9;5;NNE;39;NW;WNW;9;9;70;40;1012.2;1008.5;23.4;30.9;Yes;Yes
20/03/2009;Canberra;18.6;29.1;12.4;W;56;S;W;6;28;88;48;1007.8;1006.2;20.6;28;Yes;No
20/03/2009;Sydney;12.2;29.7;0;W;30;SSW;SW;9;19;57;32;1014.4;1012.5;18;28;No;No
20/03/2009;Melbourne;14.8;32.8;0;SW;30;ENE;NNW;11;9;55;24;1017.5;1013.6;21.3;30.6;No;No
21/03/2009;Adelaide;15;35.8;0;W;46;E;NW;4;17;46;13;1014.9;1011.5;23.3;34.9;No;No
21/03/2009;Brisbane;16.3;33.8;0;WNW;41;ENE;W;2;26;49;7;1014.1;1011.5;24.3;33.4;No;No
21/03/2009;Canberra;15;33;0;SSE;28;NE;;9;;45;17;1014.9;1012.7;22.8;31.8;No;No
21/03/2009;Sydney;17.4;36.4;0;N;30;SE;WNW;6;13;50;19;1018;1014.6;24.6;35.3;No;No
21/03/2009;Melbourne;19.6;39.8;0;W;41;ESE;W;7;22;48;19;1017.2;1013.1;26.4;38.6;No;No
22/03/2009;Adelaide;20.6;42.2;0;WSW;41;E;SW;9;15;38;8;1015.4;1011.2;27.8;41.2;No;No
22/03/2009;Brisbane;21;42.2;0;NE;30;SE;NNW;11;9;39;15;1013.8;1009.1;29.1;40.9;No;No
22/03/2009;Canberra;24.5;42.4;0.2;NNW;74;S;NNW;7;33;48;12;1007.7;1003.6;29.4;41.1;No;No
22/03/2009;Sydney;22.6;28.4;0.4;SW;44;WSW;WNW;13;11;56;79;1009.8;1012;25.1;19.9;No;Yes
22/03/2009;Melbourne;15.7;31.7;3;SSW;35;SSE;SSE;15;19;55;28;1016.1;1013.2;20.9;30.4;Yes;No
23/03/2009;Adelaide;17.2;36.3;0;NNW;33;SE;NE;11;13;51;20;1015.6;1011.4;24.2;34.4;No;No
23/03/2009;Brisbane;21.8;36.6;0;W;46;N;W;22;30;50;11;1009.6;1004.1;27.7;36;No;No
23/03/2009;Canberra;16.8;25.6;0;WNW;57;W;W;20;35;51;24;1006.9;1005.5;18;24.1;No;No
23/03/2009;Sydney;10.5;22.6;0;SW;52;W;WSW;22;30;44;30;1007.7;1007;14.4;20.5;No;No
23/03/2009;Melbourne;8.7;25.2;0;W;50;W;WSW;6;30;47;27;1011.5;1009.7;15;23.8;No;No
24/03/2009;Adelaide;11;32.9;0;W;48;SSE;WNW;2;19;52;15;1011.8;1008.8;18.5;30.7;No;No
24/03/2009;Brisbane;15.4;37.3;0;W;56;SE;WNW;2;22;39;18;1010.7;1008.1;22.4;34.3;No;No
24/03/2009;Canberra;19.2;41.8;0;NNW;69;SE;NNW;7;31;40;9;1008.8;1003.7;26;39.1;No;No
24/03/2009;Sydney;24.7;35.4;0;WSW;43;WNW;W;20;19;43;9;1006.7;1006.5;25;34.6;No;No
24/03/2009;Melbourne;14.4;33.7;0;SSW;28;SSE;WNW;6;15;50;22;1013.2;1009.7;21.5;31.7;No;No
25/03/2009;Adelaide;14.3;35.8;0;WNW;35;E;WSW;6;17;47;8;1011.4;1008.1;22.8;34.7;No;No
25/03/2009;Brisbane;15.1;35.9;0;WSW;39;;WSW;0;17;35;10;1010;1008.5;22.9;34.4;No;No
25/03/2009;Canberra;17.7;36.4;0;W;43;S;WSW;7;15;45;14;1011.4;1007.9;24.2;35.3;No;No
25/03/2009;Sydney;15.2;34.4;0;NW;35;SE;WNW;2;22;51;8;1008.5;1005.2;23.1;34.1;No;No
25/03/2009;Melbourne;16;35.2;0;SSE;35;SE;NNE;2;7;46;14;1009;1007.7;23.1;33.9;No;No
26/03/2009;Adelaide;18.9;36.5;0;NE;46;SSE;NW;15;9;48;22;1015.3;1012;23.5;34.8;No;No
26/03/2009;Brisbane;21.7;36.3;0;NE;44;ENE;E;22;15;39;16;1014.2;1009.7;26.6;34.7;No;No
26/03/2009;Canberra;21;38.2;0;E;67;S;SSE;4;15;46;19;1014;1009.9;25.2;36.9;No;Yes
26/03/2009;Sydney;17.8;34.3;8.6;ENE;39;SSE;NE;7;9;61;24;1016.1;1011.7;22.9;32.5;Yes;No
26/03/2009;Melbourne;17.9;35.6;0;E;57;SSE;ESE;15;17;36;23;1014;1008.5;24.3;34.6;No;No
27/03/2009;Adelaide;23.5;32;0;NNW;44;ENE;;19;;51;44;1010.8;1006.2;26.3;31.1;No;Yes
27/03/2009;Brisbane;19.2;26.1;52.2;SE;33;S;SSW;9;13;83;70;1009.9;1009.4;22.1;25;Yes;Yes
27/03/2009;Canberra;19.5;30.3;5.6;SE;43;SE;SE;20;22;55;38;1016.4;1015.7;22.6;30.1;Yes;No
27/03/2009;Sydney;20.3;33.9;0;SE;37;SE;E;19;6;53;32;1020.8;1017.5;23.2;32.6;No;No
27/03/2009;Melbourne;23;34;0;NNW;37;ESE;ESE;7;11;66;32;1020.8;1017.8;25.9;33.8;No;No
28/03/2009;Adelaide;22.1;35.1;0;;;ENE;SW;6;11;58;37;1020.9;1017.8;26.9;33.5;No;No
28/03/2009;Brisbane;21.7;35.6;;SSW;46;;S;;15;64;28;1018.8;1014.7;25.2;32.9;;No
28/03/2009;Canberra;21.5;35;0;;;SSE;E;9;7;76;35;1015.8;1010.3;24.2;33.1;No;No
28/03/2009;Sydney;22.5;29.1;;SW;24;;NNW;;11;81;67;1008.5;1007.8;23.4;26.4;;No
28/03/2009;Melbourne;20.8;27.1;0;NE;24;E;NE;9;11;82;59;1009.9;1007.9;21.2;26.6;No;No
29/03/2009;Adelaide;20.5;30.3;0;SE;41;SSE;SE;7;20;80;43;1006.8;1003.9;21.7;28.9;No;No
29/03/2009;Brisbane;17.8;26.8;0;ESE;52;SSW;SE;7;28;76;44;1008.6;1008.8;19.7;26.2;No;No
29/03/2009;Canberra;17.6;29;0;SE;31;SSE;E;19;13;48;34;1014.7;1013.3;20.6;27.2;No;No
29/03/2009;Sydney;15.5;30.6;0;;;SE;SSW;6;11;66;30;1015.9;1013.8;19.4;30;No;No
29/03/2009;Melbourne;;31.2;;ESE;31;SSE;SSW;7;7;33;24;1020.4;1019.1;21;30;;No
30/03/2009;Adelaide;16.4;30.3;0;NNE;26;E;WNW;9;9;54;34;1023.6;1019.6;20.8;29.2;No;No
30/03/2009;Brisbane;15.7;31.8;0;NW;57;SE;N;7;19;70;35;1018.9;1014.3;19.6;30.9;No;No
30/03/2009;Canberra;19.6;34.7;0.6;SSW;59;SE;SE;6;24;71;59;1015.3;1011.2;23.8;27.3;No;Yes
30/03/2009;Sydney;20.2;26.4;3.6;E;46;ENE;NW;4;9;83;70;1014.6;1011.9;21.3;24.2;Yes;No
30/03/2009;Melbourne;12.5;26.1;0.2;W;31;W;SSE;15;11;56;34;1017.3;1016.7;15.2;24.3;No;No
31/03/2009;Adelaide;12.8;28.5;0;SE;24;SE;SE;9;11;57;35;1020.3;1018.4;17.9;26.4;No;No
31/03/2009;Brisbane;15;31;0;NNW;22;ESE;ESE;2;7;61;33;1023.9;1021.3;19.5;29.3;No;No
31/03/2009;Canberra;17.2;;0;;;NE;E;13;9;54;28;1024.6;1020.7;20.6;29.2;No;No
31/03/2009;Sydney;;26.3;;NE;26;SE;E;9;13;70;62;1019.4;1018.3;20.8;24.8;;Yes
31/03/2009;Melbourne;18.2;29.3;1.4;W;39;;W;0;20;84;45;1016.7;1013.6;19.9;28.5;Yes;No
